headline, link
"Cardinal Mahony's deal with the devil","/news/local/la-me-0203-lopez-mahony-20130203,0,612758.column"
"A sudden fall for Cardinal Mahony's former right-hand man","/news/local/la-me-adv-church-curry-20130203,0,5584406.story"
"Review: 'Mea Maxima Culpa' looks at Catholic Church's abuse cover-up","/entertainment/tv/showtracker/la-et-st-mea-maxima-culpa-20130204,0,6297138.story"
"LAUSD looking into how priest accused of molestation was hired","http://latimesblogs.latimes.com/lanow/2013/02/lausd-priest-accused-of-molestation-hired.html"
"Cardinal Mahony's removal not enough, church critics say","http://latimesblogs.latimes.com/lanow/2013/02/cardinal-mahonys-removal-not-enough-church-critics-say.html"
"Cardinal Mahony says he wasn't equipped to handle priest abuse","http://latimesblogs.latimes.com/lanow/2013/02/cardinal-mahony-priest-abuse.html"
"Cardinal Mahony removed from public church duties","http://latimesblogs.latimes.com/lanow/2013/01/cardinal-mahony-stripped-of-public-church-duties-amid-priest-abuse-.html"
"Rebuke of Cardinal Mahony casts a lengthy shadow at L.A. churches","http://latimesblogs.latimes.com/lanow/2013/02/cardinal-mahony-los-angeles-churches.html"
"Steve Lopez: How can Mahony still be a priest 'in good standing'?","http://latimesblogs.latimes.com/lanow/2013/02/steve-lopez-cardinal-mahony-abuse.html"
"Cardinal Mahony rebuked as more 'brutal' priest abuse files released","http://latimesblogs.latimes.com/lanow/2013/02/cardinal-mahony-priest-abuse-files.html"
"Archbishop takes action on Mahony, Curry over abuse scandal","http://latimesblogs.latimes.com/lanow/2013/01/archbishop-takes-action-on-mahony-curry-over-abuse-scandal.html"
"Church abuse: Action against Cardinal Mahony 'extraordinary'","http://latimesblogs.latimes.com/lanow/2013/01/church-abuse-action-against-cardinal-mahony-extraordinary.html"
"L.A. Now Live: Discuss priest abuse, Cardinal Mahony's legacy","http://latimesblogs.latimes.com/lanow/2013/02/la-now-live-feb-1.html"
"Mahony defends actions in abuse cases","/news/local/la-me-mahony-church-20130202,0,5622288.story"
"Cardinal Mahony relieved of duties over handling of abuse","/news/local/la-me-0201-mahony-curry-20130201,0,3889565.story"
"A somber mood as parishioners discuss action against Mahony","/news/local/la-me-church-react-20130201,0,1148545.story"
"Action against Cardinal Mahony: Readers aren't impressed","/news/opinion/opinion-la/la-ol-mahony-gomez-mailbag-20120201,0,705928.story"
"Suspected child molester left L.A. archdiocese for L.A. schools","/news/local/la-me-0204-father-pina-20130204,0,2579927.story"
"Priest abuse files strike chord for victims","/news/local/la-me-02-04-abuse-victims-20130204,0,5425637.story"
"L.A.-area priests try to make sense of a tumultuous week","/news/local/la-me-0204-church-fallout-20130203,0,3277929.story"
"Church leaders address clergy sex abuse scandal at Sunday services","http://latimesblogs.latimes.com/lanow/2013/02/church-leaders-address-clergy-sex-abuse-scandal-at-sunday-services.html"
"Church sex abuse scandal brings reflection at L.A. congregations","http://latimesblogs.latimes.com/lanow/2013/02/priest-molestations-bring-reflection-at-la-churches.html"
"L.A. priest abuse: 'These are tough days,' Msgr. Kevin Kostelnik says","http://latimesblogs.latimes.com/lanow/2013/02/la-priest-abuse-these-are-tough-days-msgr-kevin-kostelnik-says.html"
"Priest accused of molestation moved to L.A. school district job","http://latimesblogs.latimes.com/lanow/2013/02/accused-priest-moved-on-to-work-for-la-unified.html"
"Cardinal Mahony letter to Archbishop Gomez","http://documents.latimes.com/cardinal-mahony-letter-archbishop-gomez/"
"Mishandling of abuse cases threatens Mahony's legacy with Latinos","/news/local/la-me-mahony-latinos-20130127,0,4979627.story"
"Letters: Mahony's legacy","/news/opinion/letters/la-le-0129-tuesday-mahony-legacy-20130129,0,2203967.story"
"Cardinal sins","/news/opinion/editorials/la-ed-church-abuse-files-20130203,0,2401834.story"
"Priest files reveal disturbing stories of child molestation, coverup","http://latimesblogs.latimes.com/lanow/2013/02/priest-files-reveal-distrubing-stories-of-child-molestation-coverup.html"
"Letters: The fallen cardinal","/news/opinion/letters/la-le-0203-sunday-cardinal-mahony-20130203,0,2432749.story"
"One side, then the other from Times readers","/news/opinion/letters/la-le-0202-lettersonletters-ballona-mahony-20130202,0,3390305.story"
"'I am sorry,' Cardinal Mahony says amid new priest abuse details","http://latimesblogs.latimes.com/lanow/2013/01/cardinal-mahony-priest-abuse-details.html"
"Steve Lopez: It's too late for Cardinal Roger Mahony's apologies","http://latimesblogs.latimes.com/lanow/2013/01/steve-lopez-roger-mahony.html"
"Judge orders church to release full priest abuse records","http://latimesblogs.latimes.com/lanow/2013/01/judge-orders-church-to-release-full-priest-abuse-records.html"
"Mahony's efforts to hide abuse are deplorable but unsurprising","/news/local/la-me-0123-lopez-mahony-20130123,0,2185624.column"
"Cardinal Mahony's moral failure","/news/opinion/opinion-la/la-ol-mahony-sex-abuse-20130122,0,6143220.story"
"Letters: Mahony's moral obligations","/news/opinion/letters/la-le-0124-thursday-mahony-abuse-20130124,0,4816211.story"
"Man missing from snorkeling boat found dead near Santa Cruz Island","http://latimesblogs.latimes.com/lanow/2013/02/man-found-dead-near-santa-cruz-island.html"
"Hong Kong man killed during suspected West Covina robbery","http://latimesblogs.latimes.com/lanow/2013/02/man-from-hong-kong-killed-during-suspected-west-covina-robbery-.html"
"Man critically wounded in shooting in Torrance area","http://latimesblogs.latimes.com/lanow/2013/02/man-critically-wounded-in-torrance-shooting.html"
"Four arrested in S.F. after nudity ban takes effect","http://latimesblogs.latimes.com/lanow/2013/02/four-arrested-in-sf-after-nudity-ban-takes-effect.html"
